alias eric-farley Farley Eric <Eric.Farley@uphs.upenn.edu>
alias kapp-reuben Reuben Kapp <kappreub@umich.edu>
alias ME-PERSONAL Bryan Bugyi <bryanbugyi34@gmail.com>
alias donnelly-kelly Kelly Donnelly <kelly_donnelly554@yahoo.com>
alias weisbrod-jonathan Jonathan Weisbrod <jweisbrod@rcbc.edu>
alias ME-RCBC Bryan Bugyi <bryan_bugyi@mymail.rcbc.edu>
alias kagan-jonah Jonah Kagan <jonahkagan@gmail.com>
alias GT-FinAid Office of Scholarships and Financial Aid <finaid@gatech.edu>
alias simber-christopher Christopher Simber <csimber@rcbc.edu>
alias UM-Admissions U-M Admissions <Michigan.Admissions@umich.edu>
alias GT-Admissions Office of Undergraduate Admission <admission@gatech.edu>
alias parker-angelique Angelique Parker <farpar@comcast.net>
alias gperugin@rcbc.edu-gregory Gregory Perugini - gperugin@rcbc.edu <do-not-reply@blackboard.com>
alias nkim@rcbc.edu-nam Nam Kim - nkim@rcbc.edu <do-not-reply@blackboard.com>
alias UM-FinAid Office of Financial Aid <financial.aid@umich.edu>
alias rroach@rcbc.edu-math Math Lecturer Robert Roach - rroach@rcbc.edu <do-not-reply@blackboard.com>
alias Nonna Jeanne Pallanto <jpallanto@yahoo.com>
alias Mom Angelique Parker <farpar@comcast.net>
alias nam-kim Nam Kim <nkim@rcbc.edu>
alias kim-nam Nam Kim <nkim@rcbc.edu>
alias perugini-greg Greg Perugini <gperugin@rcbc.edu>
alias tom-oshaughnessy Thomas O\'Shaughnessy <thomas_oshaughnessy@mymail.rcbc.edu>
alias zulker-james James Zulker <jzulker@rcbc.edu>
alias edwards-anne Anne Edwards <aedwards@rcbc.edu>
alias betts-david David Betts <djmbetts@umich.edu>
alias roach-robert Robert Roach <rroach@rcbc.edu>
alias ME-RUTGERS Bryan Bugyi <bryan.bugyi@rutgers.edu>
alias beals Michael Beals <beals@math.rutgers.edu>
alias i.smythe Ian Smythe <i.smythe@rutgers.edu>
alias david.molnar Professor David Molnar <david.molnar@rutgers.edu>
alias angela.gibney angela.gibney@gmail.com
alias alex.kontorovich alex.kontorovich@rutgers.edu
